<code_scheme name="Default" version="173">
  <AndroidXmlCodeStyleSettings>
    <option name="LAYOUT_SETTINGS">
      <value>
        <option name="INSERT_LINE_BREAK_BEFORE_NAMESPACE_DECLARATION" value="true" />
      </value>
    </option>
    <option name="MANIFEST_SETTINGS">
      <value>
        <option name="INSERT_LINE_BREAK_BEFORE_NAMESPACE_DECLARATION" value="true" />
      </value>
    </option>
    <option name="OTHER_SETTINGS">
      <value>
        <option name="INSERT_LINE_BREAK_BEFORE_NAMESPACE_DECLARATION" value="true" />
      </value>
    </option>
  </AndroidXmlCodeStyleSettings>
  <JetCodeStyleSettings>
    <option name="PACKAGES_TO_USE_STAR_IMPORTS">
      <value>
        <package name="java.util" alias="false" withSubpackages="false" />
        <package name="kotlinx.android.synthetic" alias="false" withSubpackages="false" />
        <package name="io.ktor" alias="false" withSubpackages="false" />
      </value>
    </option>
    <option name="PACKAGES_IMPORT_LAYOUT">
      <value>
        <package name="" alias="false" withSubpackages="true" />
        <package name="java" alias="false" withSubpackages="true" />
        <package name="javax" alias="false" withSubpackages="true" />
        <package name="kotlin" alias="false" withSubpackages="true" />
        <package name="" alias="true" withSubpackages="true" />
      </value>
    </option>
    <option name="NAME_COUNT_TO_USE_STAR_IMPORT" value="2147483647" />
    <option name="NAME_COUNT_TO_USE_STAR_IMPORT_FOR_MEMBERS" value="2147483647" />
    <option name="IMPORT_NESTED_CLASSES" value="true" />
    <option name="WRAP_ELVIS_EXPRESSIONS" value="0" />
  </JetCodeStyleSettings>
  <codeStyleSettings language="JAVA">
    <option name="KEEP_SIMPLE_METHODS_IN_ONE_LINE" value="true" />
    <option name="KEEP_SIMPLE_LAMBDAS_IN_ONE_LINE" value="true" />
    <option name="KEEP_SIMPLE_CLASSES_IN_ONE_LINE" value="true" />
    <option name="FIELD_ANNOTATION_WRAP" value="0" />
    <option name="WRAP_ON_TYPING" value="1" />
  </codeStyleSettings>
  <codeStyleSettings language="JSON">
    <indentOptions>
      <option name="INDENT_SIZE" value="4" />
    </indentOptions>
  </codeStyleSettings>
  <codeStyleSettings language="XML">
    <indentOptions>
      <option name="CONTINUATION_INDENT_SIZE" value="4" />
    </indentOptions>
    <arrangement>
      <rules>
        <section>
          <rule>
            <match>
              <AND>
                <NAME>xmlns:android</NAME>
                <XML_ATTRIBUTE />
                <XML_NAMESPACE>^$</XML_NAMESPACE>
              </AND>
            </match>
          </rule>
        </section>
        <section>
          <rule>
            <match>
              <AND>
                <NAME>xmlns:.*</NAME>
                <XML_ATTRIBUTE />
                <XML_NAMESPACE>^$</XML_NAMESPACE>
              </AND>
            </match>
            <order>BY_NAME</order>
          </rule>
        </section>
        <section>
          <rule>
            <match>
              <AND>
                <NAME>.*:id</NAME>
                <XML_ATTRIBUTE />
                <XML_NAMESPACE>http://schemas.android.com/apk/res/android</XML_NAMESPACE>
              </AND>
            </match>
          </rule>
        </section>
        <section>
          <rule>
            <match>
              <AND>
                <NAME>.*:name</NAME>
                <XML_ATTRIBUTE />
                <XML_NAMESPACE>http://schemas.android.com/apk/res/android</XML_NAMESPACE>
              </AND>
            </match>
          </rule>
        </section>
        <section>
          <rule>
            <match>
              <AND>
                <NAME>name</NAME>
                <XML_ATTRIBUTE />
                <XML_NAMESPACE>^$</XML_NAMESPACE>
              </AND>
            </match>
          </rule>
        </section>
        <section>
          <rule>
            <match>
              <AND>
                <NAME>style</NAME>
                <XML_ATTRIBUTE />
                <XML_NAMESPACE>^$</XML_NAMESPACE>
              </AND>
            </match>
          </rule>
        </section>
        <section>
          <rule>
            <match>
              <AND>
                <NAME>.*</NAME>
                <XML_ATTRIBUTE />
                <XML_NAMESPACE>^$</XML_NAMESPACE>
              </AND>
            </match>
            <order>BY_NAME</order>
          </rule>
        </section>
        <section>
          <rule>
            <match>
              <AND>
                <NAME>.*</NAME>
                <XML_ATTRIBUTE />
                <XML_NAMESPACE>http://schemas.android.com/apk/res/android</XML_NAMESPACE>
              </AND>
            </match>
            <order>ANDROID_ATTRIBUTE_ORDER</order>
          </rule>
        </section>
        <section>
          <rule>
            <match>
              <AND>
                <NAME>.*</NAME>
                <XML_ATTRIBUTE />
                <XML_NAMESPACE>.*</XML_NAMESPACE>
              </AND>
            </match>
            <order>BY_NAME</order>
          </rule>
        </section>
      </rules>
    </arrangement>
  </codeStyleSettings>
  <codeStyleSettings language="kotlin">
    <option name="BLANK_LINES_AFTER_CLASS_HEADER" value="1" />
    <option name="ENUM_CONSTANTS_WRAP" value="2" />
    <option name="WRAP_ON_TYPING" value="0" />
  </codeStyleSettings>
</code_scheme>