<code_scheme name="MyStyle" version="173">
  <AndroidXmlCodeStyleSettings>
    <option name="ARRANGEMENT_SETTINGS_MIGRATED_TO_191" value="true" />
    <option name="LAYOUT_SETTINGS">
      <value>
        <option name="INSERT_LINE_BREAK_BEFORE_NAMESPACE_DECLARATION" value="true" />
      </value>
    </option>
    <option name="MANIFEST_SETTINGS">
      <value>
        <option name="INSERT_LINE_BREAK_BEFORE_NAMESPACE_DECLARATION" value="true" />
      </value>
    </option>
    <option name="OTHER_SETTINGS">
      <value>
        <option name="INSERT_LINE_BREAK_BEFORE_NAMESPACE_DECLARATION" value="true" />
      </value>
    </option>
  </AndroidXmlCodeStyleSettings>
  <codeStyleSettings language="JAVA">
    <option name="KEEP_SIMPLE_METHODS_IN_ONE_LINE" value="true" />
    <option name="KEEP_SIMPLE_LAMBDAS_IN_ONE_LINE" value="true" />
    <option name="KEEP_SIMPLE_CLASSES_IN_ONE_LINE" value="true" />
    <option name="FIELD_ANNOTATION_WRAP" value="0" />
    <option name="WRAP_ON_TYPING" value="0" />
  </codeStyleSettings>
  <codeStyleSettings language="JSON">
    <indentOptions>
      <option name="INDENT_SIZE" value="4" />
    </indentOptions>
  </codeStyleSettings>
  <codeStyleSettings language="XML">
    <indentOptions>
      <option name="CONTINUATION_INDENT_SIZE" value="4" />
    </indentOptions>
    <arrangement>
      <rules>
        <section>
          <rule>
            <match>
              <AND>
                <NAME>xmlns:android</NAME>
                <XML_ATTRIBUTE />
                <XML_NAMESPACE>^$</XML_NAMESPACE>
              </AND>
            </match>
          </rule>
        </section>
        <section>
          <rule>
            <match>
              <AND>
                <NAME>xmlns:.*</NAME>
                <XML_ATTRIBUTE />
                <XML_NAMESPACE>^$</XML_NAMESPACE>
              </AND>
            </match>
            <order>BY_NAME</order>
          </rule>
        </section>
        <section>
          <rule>
            <match>
              <AND>
                <NAME>.*:id</NAME>
                <XML_ATTRIBUTE />
                <XML_NAMESPACE>http://schemas.android.com/apk/res/android</XML_NAMESPACE>
              </AND>
            </match>
          </rule>
        </section>
        <section>
          <rule>
            <match>
              <AND>
                <NAME>.*:name</NAME>
                <XML_ATTRIBUTE />
                <XML_NAMESPACE>http://schemas.android.com/apk/res/android</XML_NAMESPACE>
              </AND>
            </match>
          </rule>
        </section>
        <section>
          <rule>
            <match>
              <AND>
                <NAME>name</NAME>
                <XML_ATTRIBUTE />
                <XML_NAMESPACE>^$</XML_NAMESPACE>
              </AND>
            </match>
          </rule>
        </section>
        <section>
          <rule>
            <match>
              <AND>
                <NAME>style</NAME>
                <XML_ATTRIBUTE />
                <XML_NAMESPACE>^$</XML_NAMESPACE>
              </AND>
            </match>
          </rule>
        </section>
        <section>
          <rule>
            <match>
              <AND>
                <NAME>.*</NAME>
                <XML_ATTRIBUTE />
                <XML_NAMESPACE>^$</XML_NAMESPACE>
              </AND>
            </match>
            <order>BY_NAME</order>
          </rule>
        </section>
        <section>
          <rule>
            <match>
              <AND>
                <NAME>.*</NAME>
                <XML_ATTRIBUTE />
                <XML_NAMESPACE>http://schemas.android.com/apk/res/android</XML_NAMESPACE>
              </AND>
            </match>
            <order>ANDROID_ATTRIBUTE_ORDER</order>
          </rule>
        </section>
        <section>
          <rule>
            <match>
              <AND>
                <NAME>.*</NAME>
                <XML_ATTRIBUTE />
                <XML_NAMESPACE>.*</XML_NAMESPACE>
              </AND>
            </match>
            <order>BY_NAME</order>
          </rule>
        </section>
      </rules>
    </arrangement>
  </codeStyleSettings>
  <codeStyleSettings language="kotlin">
    <option name="FIELD_ANNOTATION_WRAP" value="0" />
  </codeStyleSettings>
</code_scheme>